{
  "config": {
    "cols": 80,
    "rows": 24,
    "warmupRenders": 10,
    "measureRenders": 40,
    "maxFps": 1000,
    "sink": "devnull",
    "workload": "dense",
    "rendersObserved": 52,
    "measuredRenders": 40
  },
  "summary": {
    "layout (Yoga.calculateLayout)": {
      "n": 40,
      "mean": 0.20323024999999575,
      "median": 0.15383399999996072,
      "p95": 0.4336669999999003,
      "min": 0.13145799999995234,
      "max": 0.8872920000000022
    },
    "output assembly (Output.get)": {
      "n": 40,
      "mean": 2.7346906750000044,
      "median": 1.9307909999999993,
      "p95": 5.0242920000000595,
      "min": 1.4809999999999945,
      "max": 18.153332999999975
    },
    "render total (Ink onRender)": {
      "n": 40,
      "mean": 7.903172924999987,
      "median": 6.522917000000007,
      "p95": 14.827792000000045,
      "min": 5.384124999999926,
      "max": 25.378624999999943
    },
    "est. tree/transform (render - output.get)": {
      "n": 40,
      "mean": 5.1684822499999825,
      "median": 4.3257919999999785,
      "p95": 9.855375000000095,
      "min": 3.6552919999999176,
      "max": 13.335290999999984
    },
    "stdout.write wall time": {
      "n": 40,
      "mean": 0.06900732500001823,
      "median": 0.045376000000032946,
      "p95": 0.14162500000020373,
      "min": 0.024666000000024724,
      "max": 0.6728740000000926
    },
    "stdout bytes per render": {
      "n": 40,
      "mean": 5810,
      "median": 5810,
      "p95": 5810,
      "min": 5810,
      "max": 5810
    },
    "stdout writes per render": {
      "n": 40,
      "mean": 3,
      "median": 3,
      "p95": 3,
      "min": 3,
      "max": 3
    }
  },
  "perRender": [
    {
      "layoutMs": 0.4336669999999003,
      "layoutCalls": 1,
      "outputGetMs": 5.927625000000035,
      "outputGetCalls": 1,
      "renderTotalMs": 10.114291999999978,
      "writeMs": 0.04124899999999343,
      "writeBytes": 5810,
      "writeCalls": 3
    },
    {
      "layoutMs": 0.1669170000000122,
      "layoutCalls": 1,
      "outputGetMs": 1.8485000000000582,
      "outputGetCalls": 1,
      "renderTotalMs": 6.4175840000000335,
      "writeMs": 0.07291699999984758,
      "writeBytes": 5810,
      "writeCalls": 3
    },
    {
      "layoutMs": 0.17908399999998892,
      "layoutCalls": 1,
      "outputGetMs": 5.0242920000000595,
      "outputGetCalls": 1,
      "renderTotalMs": 9.78537499999993,
      "writeMs": 0.03866599999992104,
      "writeBytes": 5810,
      "writeCalls": 3
    },
    {
      "layoutMs": 0.14208399999995436,
      "layoutCalls": 1,
      "outputGetMs": 3.0243749999999636,
      "outputGetCalls": 1,
      "renderTotalMs": 7.027707999999961,
      "writeMs": 0.06579099999999016,
      "writeBytes": 5810,
      "writeCalls": 3
    },
    {
      "layoutMs": 0.14104099999997288,
      "layoutCalls": 1,
      "outputGetMs": 4.036416000000031,
      "outputGetCalls": 1,
      "renderTotalMs": 7.899040999999897,
      "writeMs": 0.06466699999998582,
      "writeBytes": 5810,
      "writeCalls": 3
    },
    {
      "layoutMs": 0.14191599999992377,
      "layoutCalls": 1,
      "outputGetMs": 3.1744999999999663,
      "outputGetCalls": 1,
      "renderTotalMs": 7.627958000000035,
      "writeMs": 0.053916999999955806,
      "writeBytes": 5810,
      "writeCalls": 3
    },
    {
      "layoutMs": 0.13420799999994415,
      "layoutCalls": 1,
      "outputGetMs": 2.260417000000075,
      "outputGetCalls": 1,
      "renderTotalMs": 5.950833999999986,
      "writeMs": 0.052583000000026914,
      "writeBytes": 5810,
      "writeCalls": 3
    },
    {
      "layoutMs": 0.13145799999995234,
      "layoutCalls": 1,
      "outputGetMs": 3.125541999999996,
      "outputGetCalls": 1,
      "renderTotalMs": 7.292500000000018,
      "writeMs": 0.043042000000014013,
      "writeBytes": 5810,
      "writeCalls": 3
    },
    {
      "layoutMs": 0.25879199999997127,
      "layoutCalls": 1,
      "outputGetMs": 18.153332999999975,
      "outputGetCalls": 1,
      "renderTotalMs": 25.378624999999943,
      "writeMs": 0.04987600000004022,
      "writeBytes": 5810,
      "writeCalls": 3
    },
    {
      "layoutMs": 0.15075000000001637,
      "layoutCalls": 1,
      "outputGetMs": 4.97241699999995,
      "outputGetCalls": 1,
      "renderTotalMs": 14.827792000000045,
      "writeMs": 0.08408199999996668,
      "writeBytes": 5810,
      "writeCalls": 3
    },
    {
      "layoutMs": 0.17525000000000546,
      "layoutCalls": 1,
      "outputGetMs": 1.9881249999999682,
      "outputGetCalls": 1,
      "renderTotalMs": 6.626250000000027,
      "writeMs": 0.03558299999997416,
      "writeBytes": 5810,
      "writeCalls": 3
    },
    {
      "layoutMs": 0.13724999999999454,
      "layoutCalls": 1,
      "outputGetMs": 2.17999999999995,
      "outputGetCalls": 1,
      "renderTotalMs": 6.428624999999897,
      "writeMs": 0.02504199999998491,
      "writeBytes": 5810,
      "writeCalls": 3
    },
    {
      "layoutMs": 0.13429200000007313,
      "layoutCalls": 1,
      "outputGetMs": 1.690417000000025,
      "outputGetCalls": 1,
      "renderTotalMs": 6.954082999999969,
      "writeMs": 0.06300099999998565,
      "writeBytes": 5810,
      "writeCalls": 3
    },
    {
      "layoutMs": 0.15383399999996072,
      "layoutCalls": 1,
      "outputGetMs": 3.1876250000000255,
      "outputGetCalls": 1,
      "renderTotalMs": 10.04041600000005,
      "writeMs": 0.02675000000010641,
      "writeBytes": 5810,
      "writeCalls": 3
    },
    {
      "layoutMs": 0.2697090000000344,
      "layoutCalls": 1,
      "outputGetMs": 2.7862089999999853,
      "outputGetCalls": 1,
      "renderTotalMs": 16.12149999999997,
      "writeMs": 0.108333000000016,
      "writeBytes": 5810,
      "writeCalls": 3
    },
    {
      "layoutMs": 0.2542909999999665,
      "layoutCalls": 1,
      "outputGetMs": 1.5357079999999996,
      "outputGetCalls": 1,
      "renderTotalMs": 6.944792000000007,
      "writeMs": 0.05429099999992104,
      "writeBytes": 5810,
      "writeCalls": 3
    },
    {
      "layoutMs": 0.1781669999999167,
      "layoutCalls": 1,
      "outputGetMs": 1.7111669999999322,
      "outputGetCalls": 1,
      "renderTotalMs": 5.384124999999926,
      "writeMs": 0.0591660000001184,
      "writeBytes": 5810,
      "writeCalls": 3
    },
    {
      "layoutMs": 0.8082500000000437,
      "layoutCalls": 1,
      "outputGetMs": 1.7150000000000318,
      "outputGetCalls": 1,
      "renderTotalMs": 5.969624999999951,
      "writeMs": 0.15858400000001893,
      "writeBytes": 5810,
      "writeCalls": 3
    },
    {
      "layoutMs": 0.1480420000000322,
      "layoutCalls": 1,
      "outputGetMs": 1.4809999999999945,
      "outputGetCalls": 1,
      "renderTotalMs": 5.9139169999999694,
      "writeMs": 0.02658299999995961,
      "writeBytes": 5810,
      "writeCalls": 3
    },
    {
      "layoutMs": 0.15545799999995324,
      "layoutCalls": 1,
      "outputGetMs": 1.9766250000000127,
      "outputGetCalls": 1,
      "renderTotalMs": 6.116624999999999,
      "writeMs": 0.038000000000010914,
      "writeBytes": 5810,
      "writeCalls": 3
    },
    {
      "layoutMs": 0.1427090000000817,
      "layoutCalls": 1,
      "outputGetMs": 1.6777089999999362,
      "outputGetCalls": 1,
      "renderTotalMs": 5.836916999999971,
      "writeMs": 0.03541700000005221,
      "writeBytes": 5810,
      "writeCalls": 3
    },
    {
      "layoutMs": 0.14012500000001182,
      "layoutCalls": 1,
      "outputGetMs": 1.5957499999999527,
      "outputGetCalls": 1,
      "renderTotalMs": 6.192999999999984,
      "writeMs": 0.04462499999999636,
      "writeBytes": 5810,
      "writeCalls": 3
    },
    {
      "layoutMs": 0.15962500000000546,
      "layoutCalls": 1,
      "outputGetMs": 1.8750830000000178,
      "outputGetCalls": 1,
      "renderTotalMs": 6.200874999999996,
      "writeMs": 0.024666000000024724,
      "writeBytes": 5810,
      "writeCalls": 3
    },
    {
      "layoutMs": 0.18537500000002183,