{
	"config": {
		"base_ref": "28a6670",
		"head_ref": "4451bab",
		"workload": "ansi-dense",
		"rounds": 6,
		"interleaved": true,
		"runs": 120,
		"warmup": 20
	},
	"before_median_ms": 1.0406460000000095,
	"after_median_ms": 0.5072499999999707,
	"delta_percent": -51.25623891313991,
	"before_samples_ms": [
		1.0339999999999918, 1.0085829999999874, 1.0065840000000321,
		1.1058330000000183, 1.107041000000038, 1.072917000000075,
		1.0515000000000327, 1.033791000000008, 1.0086659999999483,
		1.0472920000000272, 0.9909580000000346, 1.3255409999999301
	],
	"after_samples_ms": [
		0.4933330000000069, 0.5370829999999955, 0.5074999999999363,
		0.5382500000000618, 0.4842090000000212, 0.4860830000000078,
		0.507000000000005, 0.4865419999999858, 0.5032089999999698,
		0.6010420000000067, 0.5290830000000142, 0.5232089999999516
	]
}
