{
	"config": {
		"base_ref": "243e962",
		"head_ref": "4451bab",
		"rounds": 4,
		"repetitions": 7,
		"runs": 120,
		"warmup": 20,
		"interleaved": true
	},
	"workloads": [
		{
			"workload": "dense",
			"ink_median_ms": 2.1688125000000014,
			"ink_fast_median_ms": 0.15804149999996753,
			"delta_percent": -92.71299386184987,
			"speedup_x": 13.723056918596996,
			"ink_samples": [
				2.170415999999932, 2.2050420000000486, 2.2291669999999613,
				2.1123749999997017, 2.0547920000003614, 2.109292000000096,
				2.1672090000000708, 2.254374999999982
			],
			"ink_fast_samples": [
				0.1567499999998745, 0.15699999999992542, 0.15608399999996436,
				0.1649170000000595, 0.16733399999998255, 0.16000000000008185, 0.15625,
				0.15908300000000963
			]
		},
		{
			"workload": "unicode",
			"ink_median_ms": 5.613312499999893,
			"ink_fast_median_ms": 5.165916500000094,
			"delta_percent": -7.970267110548492,
			"speedup_x": 1.0866053487313996,
			"ink_samples": [
				5.716833999999835, 5.714666000000079, 5.62558399999989,
				5.6064580000002024, 5.358208999999988, 4.9909999999999854,
				5.607332999999926, 5.619291999999859
			],
			"ink_fast_samples": [
				5.2433750000000146, 5.3660420000005615, 5.19420799999989,
				5.147832999999991, 5.1840000000001965, 4.628959000000123,
				4.5721249999999145, 5.126874999999927
			]
		},
		{
			"workload": "sparse",
			"ink_median_ms": 0.39327049999985775,
			"ink_fast_median_ms": 0.04608300000006693,
			"delta_percent": -88.28211116773733,
			"speedup_x": 8.53396046262801,
			"ink_samples": [
				0.3922909999998865, 0.39270799999985684, 0.38791700000001583,
				0.39383299999985866, 0.39837499999998727, 0.3878750000000082,
				0.42399999999997817, 0.3970839999999498
			],
			"ink_fast_samples": [
				0.046250000000100044, 0.04579199999989214, 0.04500000000007276,
				0.04595799999992778, 0.046291999999994005, 0.04579200000000583,
				0.04662499999994907, 0.046208000000206084
			]
		}
	],
	"geometric_mean_speedup_x": 5.029881766250978
}
