{
	"config": {
		"baseRef": "28a6670",
		"headRef": "WORKTREE",
		"workloads": ["dense", "unicode", "sparse"],
		"rounds": 4,
		"repetitions": 7,
		"runs": 120,
		"warmup": 20
	},
	"results": [
		{
			"workload": "dense",
			"headMedian": 0.16145799999992505,
			"baseMedian": 0.17595800000003692,
			"deltaPercent": -8.24060287120155,
			"headRuns": [
				0.16099999999983083, 0.17145800000002964, 0.16012499999987995,
				0.1589160000000902, 0.16054099999996652, 0.17316700000014862,
				0.17112500000007458, 0.16145799999992505
			],
			"baseRuns": [
				0.1498749999998381, 0.2029170000000704, 0.16279199999996763,
				0.17604099999994105, 0.1625410000000329, 0.17804200000000492,
				0.17595800000003692, 0.1618750000000091
			]
		},
		{
			"workload": "unicode",
			"headMedian": 5.165750000000116,
			"baseMedian": 5.18395800000053,
			"deltaPercent": -0.3512374135826638,
			"headRuns": [
				5.200000000000273, 5.165750000000116, 5.163291000000299,
				5.147124999999505, 5.214625000000069, 4.55620799999997,
				4.936750000000757, 5.271291000000019
			],
			"baseRuns": [
				5.146749999999884, 5.170250000000124, 5.189709000000221,
				5.18395800000053, 4.528707999999824, 4.715584000000035,
				5.294958000000406, 5.287416000000121
			]
		},
		{
			"workload": "sparse",
			"headMedian": 0.048874999999952706,
			"baseMedian": 0.05379200000004403,
			"deltaPercent": -9.140764426099226,
			"headRuns": [
				0.04712500000005093, 0.04820799999993142, 0.05058299999996052,
				0.04970800000000963, 0.05291699999997945, 0.048874999999952706,
				0.04762499999992542, 0.04741599999988466
			],
			"baseRuns": [
				0.056375000000116415, 0.05308300000001509, 0.054917000000045846,
				0.055584000000067135, 0.05291699999997945, 0.05379200000004403,
				0.05050000000005639, 0.05337500000007367
			]
		}
	]
}
